,0
0,5-spice
1,Beetroot
2,Fenugreek
3,Fish
4,Fish sauce
5,MSG
6,acai
7,adodo sauce
8,agave
9,agave syrup
10,aioli sauce
11,alfalfa sprout
12,alfredo sauce
13,all spice
14,almond
15,almond butter
16,almond extract
17,anchovy
18,annatto
19,apple
20,apple juice
21,apple sauce
22,apricot
23,arrowhead
24,artichoke heart
25,arugula
26,asafoetida
27,asparagus
28,avocado
29,bacon
30,bacon grease
31,baked bean
32,baking mix
33,baking powder
34,baking soda
35,bamboo
36,banana
37,barbeque sauce
38,barley
39,barley rusk
40,basil
41,bay leaf
42,bean
43,bean paste
44,bean salad
45,bean sauce
46,bean sprout
47,bechamel sauce
48,beef
49,beer
50,beet juice
51,beetroot
52,bell pepper
53,berry
54,biscuit
55,black bean
56,black eyed pea
57,black pepper
58,blackberry
59,blueberry
60,bok choy
61,bone
62,bonito flake
63,bouquet garni
64,bread
65,bread mix
66,breadcrumb
67,broad bean
68,broccoli
69,broccoli rabe
70,broccolini
71,brown sugar
72,brussels sprout
73,burdock root
74,butter
75,buttermilk
76,cabbage
77,cacao
78,cacciatore sauce
79,caesar dressing
80,cajun seasoning
81,cake
82,cake mix
83,candy
84,cane juice
85,caper
86,caramel
87,caraway seed
88,cardamom
89,carrot
90,cashew
91,cashew butter
92,cashew milk
93,cauliflower
94,celery
95,celery seed
96,cereal
97,chayote
98,cheese
99,cheese sauce
100,cheese soup
101,cherry
102,chestnut
103,chia seed
104,chicken
105,chickpea
106,chili
107,chili flake
108,chili oil
109,chili paste
110,chili sauce
111,chilli
112,chilli paste
113,chinese yam
114,chip
115,chipotle
116,chitterlings
117,chive
118,chocolate
119,choy sum
120,chrysanthemum
121,chuno sauce
122,chutney
123,cider
124,cilantro
125,cinnamon
126,clam
127,clam juice
128,clove
129,cocktail sauce
130,cocoa
131,coconut
132,coconut cream
133,coconut flake
134,coconut milk
135,coconut oil
136,coconut water
137,cod
138,coffee
139,collagen
140,collard
141,cookie
142,coriander
143,coriander seed
144,corn
145,corn husk
146,corn syrup
147,cornflakes
148,cornmeal
149,corriander
150,couscous
151,crab
152,cranberry
153,cranberry sauce
154,crawfish
155,cream
156,cream cheese
157,cream corn
158,cream soup
159,creamed spinach
160,creole seasoning
161,creole spice mix
162,crepe
163,crisp topping
164,cucumber
165,cumin
166,cumin seed
167,curry leaf
168,curry paste
169,curry powder
170,curry sauce
171,dal
172,dandelion
173,dates
174,demi glace
175,demi-glace
176,dill
177,dipping sauce
178,dough
179,dressing
180,duck
181,duck fat
182,dulce de leche
183,dulse 
184,dumpling
185,edamame
186,egg
187,eggplant
188,enchilada sauce
189,endive
190,epazote
191,evaporated milk
192,farro
193,fat
194,fennel
195,fenugreek
196,fig
197,file powder
198,fillo shell
199,filo pastry
200,fish
201,fish roe
202,fish sauce
203,five spice
204,flatbread
205,flavouring oil
206,flax seed
207,flour
208,flower
209,food coloring
210,french fry
211,fritter
212,fruit
213,fruit powder
214,fruit punch
215,furikake
216,galangal
217,garbanzo bean
218,garlic
219,garlic butter
220,garlic chive
221,garlic oil
222,garlic sauce
223,gazpacho
224,gelatin
225,german musard
226,ghee
227,ginger
228,ginger paste
229,glace
230,gluten
231,glutinous rice
232,gochugaru
233,gochujang
234,goji berry
235,granola
236,grape
237,grape juice
238,grape leaf
239,grapefruit
240,green bean
241,grenadine
242,grits
243,guacamole
244,gumbo file
245,ham
246,hashbrown
247,hazelnut
248,heavy cream
249,hemp seed
250,herb
251,herb seasoning
252,hoisin sauce
253,hominy
254,honey
255,honeydew
256,hot bean paste
257,hot sauce
258,hummus
259,hung curd
260,ice
261,ice cream
262,icing
263,italian sauce
264,italian seasoning
265,jackfruit
266,jam
267,jelly
268,jicama
269,juice
270,juniper berry
271,kaffir lime leaf
272,kale
273,kalpasi
274,kashmiri powder
275,kasoori methi
276,kelp
277,kidney bean
278,kimchi
279,kiwi
280,lamb
281,lard
282,lavender
283,leek
284,lemon
285,lemon butter sauce
286,lemon curd
287,lemon juice
288,lemon peel
289,lemon pepper
290,lemon zest
291,lemonade
292,lemongrass
293,lentil
294,lettuce
295,lima bean
296,lime
297,lime juice
298,lime leaf
299,lime peel
300,lime zest
301,liqueur
302,liquid smoke
303,lobster
304,loquat
305,lotus root
306,macadamia
307,mango
308,mango powder
309,maple syrup
310,margarine
311,marinade
312,marinara sauce
313,marjoram
314,marshmallow
315,masala spice mix
316,mayonnaise
317,meat
318,meat gravy
319,meat seasoning
320,meatball
321,melon
322,methi leave
323,milk
324,millet
325,mint
326,miso
327,mitsuba
328,mixed bean
329,mixed green
330,molasses
331,muffin
332,muffin mix
333,mush
334,mushroom
335,mushroom sauce
336,mushroom soup
337,mussel
338,mustard powder
339,mustard sauce
340,mustard seed
341,nacho ring
342,navy bean
343,nigella seed
344,noodle
345,nuoc cham
346,nut
347,nutella
348,nutmeg
349,oat
350,octopus
351,oil
352,okra
353,old bay seasoning
354,olive
355,olive oil
356,onion
357,onion dip
358,onion powder
359,onion soup
360,orange
361,orange glaze
362,orange juice
363,orange marmalade
364,orange peel
365,orange sauce
366,orange zest
367,oregano
368,organ meat
369,oyster
370,oyster sauce
371,pancake
372,pancake mix
373,pandan
374,papadum
375,papaya
376,paprika
377,parmesan cheese
378,parsley
379,parsnip
380,pasta
381,pasta sauce
382,pea
383,pea shoot
384,peach
385,peanut
386,peanut butter
387,peanut sauce
388,pear
389,pearl onion
390,pecan
391,pepper
392,pepper leaf
393,pepper sauce
394,pepperoni
395,perilla
396,pernod
397,pesto
398,pesto sauce
399,picante sauce
400,pickle
401,pickle juice
402,pickle spice
403,pie
404,pigeon pea
405,pimento
406,pine nut
407,pineapple
408,pineapple juice
409,pinto bean
410,pistachio
411,pizza
412,pizza crust
413,plum
414,plum sauce
415,polenta
416,pomegranate
417,ponzu sauce
418,poppy seed
419,pork
420,pork and bean
421,potato
422,potato salad
423,prawn
424,pretzel
425,protein powder
426,prune
427,psyllium husk
428,pudding
429,puff pastry
430,pumpkin
431,pumpkin seed
432,pumpkin spice
433,quinoa
434,rabbit
435,radicchio
436,radish
437,raisin
438,raita
439,ranch
440,ras el hanout
441,raspberry
442,red bean
443,red pepper
444,red wine sauce
445,relish
446,remoulade sauce
447,rice
448,rice paper
449,rice wine
450,rocket
451,rose
452,rosemary
453,rotini pasta
454,roux
455,rutabaga
456,rye
457,safflower
458,saffron
459,sage
460,sage leave
461,salmon
462,salsa
463,salt
464,sambal
465,sauerkraut
466,sausage
467,savory
468,scallion
469,scallop
470,scone
471,screwpine
472,seafood
473,seafood seasoning
474,seasoning
475,seaweed
476,seed
477,sesame oil
478,sesame paste
479,sesame seed
480,shallot
481,shichimi togarashi
482,shiso
483,shortening
484,shrimp paste
485,slaw
486,soda
487,soup
488,sour cream
489,soy milk
490,soy paste
491,soy sauce
492,spam
493,spice mix
494,spinach
495,spring onion
496,spring roll wrapping
497,sprinkles
498,squash
499,squash seed
500,squid
501,star anise
502,starch
503,steak
504,steak sauce
505,stir fry sauce
506,stock
507,strawberry
508,stuffing
509,sugar
510,sumac
511,sundried tomato
512,sunflower seed
513,sweet and sour sauce
514,sweet cream
515,sweet potato
516,sweet soy sauce
517,sweetener
518,syrup
519,szechuan sauce
520,tabouli
521,taco sauce
522,taco seasoning
523,taco shell
524,tahini
525,tahini paste
526,tamarind
527,tapioca
528,tarragon
529,tartar sauce
530,tea
531,tempeh
532,tempura
533,teriyaki sauce
534,thickener
535,thyme
536,tobbouleh
537,tofu
538,togarashi
539,tomatillo
540,tomato
541,tomato & green chili
542,tomato juice
543,tomato puree
544,tomato sauce
545,tomato soup
546,tonkatsu sauce
547,topping
548,tortilla
549,truffle oil
550,tumeric
551,tuna
552,turkey
553,turmeric
554,turnip
555,vanilla
556,vegan meat
557,vegetable
558,vegetable juice
559,venison
560,vinaigrette
561,vinegar
562,wafer
563,waffle
564,walnut
565,wasabi
566,water
567,water chestnut
568,watercress
569,watermelon
570,wheat
571,whipped cream
572,wine
573,worcestershire sauce
574,wrap
575,yakisoba sauce
576,yam
577,yeast
578,yogurt
579,yuca
580,za'atar
581,zest
582,zucchini
